time_s,LICA_flow_cm3_s,LICA_solver_flow_cm3_s,LICA_mean_velocity_cm_s,RICA_flow_cm3_s,RICA_solver_flow_cm3_s,RICA_mean_velocity_cm_s,LVA_flow_cm3_s,LVA_solver_flow_cm3_s,LVA_mean_velocity_cm_s,RVA_flow_cm3_s,RVA_solver_flow_cm3_s,RVA_mean_velocity_cm_s
0.0,3.9681476322320504,-3.9681476322320504,10.926475961732372,3.770771553054139,-3.770771553054139,10.084216457699965,1.3054450807442002,-1.3054450807442002,14.378410902106426,1.1876110236423152,-1.1876110236423152,13.88533809976861
0.005,4.0447556700647995,-4.0447556700647995,11.137419697055087,3.8444330488160943,-3.8444330488160943,10.281210218104214,1.3348408044377926,-1.3348408044377926,14.702180779725719,1.2145610240605675,-1.2145610240605675,14.20043273946694
0.01,4.121985908342677,-4.121985908342677,11.350076689755591,3.9187818466090314,-3.9187818466090314,10.480042038002315,1.3645952278983549,-1.3645952278983549,15.029901442189244,1.241862441346961,-1.241862441346961,14.519636083051443
0.015,4.1997073442164465,-4.1997073442164465,11.56408621749798,3.9936925565484693,-3.9936925565484693,10.680376585826465,1.394658856928498,-1.394658856928498,15.361027751353829,1.2694700447364744,-1.2694700447364744,14.842419300415015
0.02,4.2777866931162,-4.2777866931162,11.779081275124149,4.069037397837989,-4.069037397837989,10.881872135966375,1.4249810564505274,-1.4249810564505274,15.69500200321194,1.297337507597446,-1.297337507597446,15.168240748771558
0.025,4.356088743593976,-4.356088743593976,11.994689551729152,4.14468653740652,-4.14468653740652,11.084181474390748,1.4555101832200044,-1.4555101832200044,16.03125538962311,1.3254175284553833,-1.3254175284553833,15.496547387644963
0.03,4.434476720278498,-4.434476720278498,12.210534430073684,4.220508436979534,-4.220508436979534,11.286952826823638,1.486193722505945,-1.486193722505945,16.369209503734652,1.3536619558139906,-1.3536619558139906,15.826776238254501
0.035,4.512812653678036,-4.512812653678036,12.426236004853164,4.29637020737754,-4.29637020737754,11.489830806248884,1.5169784282645,-1.5169784282645,16.70827788388023,1.3820219163418557,-1.3820219163418557,16.158355882250884
0.04,4.5909577555397005,-4.5909577555397005,12.64141211626672,4.372137968806327,-4.372137968806327,11.692457376438323,1.547810466319112,-1.547810466319112,17.04786759059226,1.4104479459799244,-1.4104479459799244,16.49070799460169
0.045,4.668772798450745,-4.668772798450745,12.855679395266732,4.447677215879026,-4.447677215879026,11.894472828134354,1.578635560048156,-1.578635560048156,17.387380811232287,1.4388901235133142,-1.4388901235133142,16.823248905289386
0.05,4.746118498349654,-4.746118498349654,13.068654316820602,4.5228531860906385,-4.5228531860906385,12.095516764465497,1.609399138071005,-1.609399138071005,17.72621648663226,1.4672982061411457,-1.4672982061411457,17.155391184369815
0.055,4.822855898602213,-4.822855898602213,13.279954257481778,4.597531230451022,-4.597531230451022,12.29522909213432,1.640046483415308,-1.640046483415308,18.063771954050267,1.4956217665699996,-1.4956217665699996,17.48654524484468
0.06,4.898846754290222,-4.898846754290222,13.489198553546302,4.671577184972773,-4.671577184972773,12.493251014891632,1.6705228836421275,-1.6705228836421275,18.399444600676237,1.5238103311503486,-1.5238103311503486,17.816120957728256
0.065,4.973953915358186,-4.973953915358186,13.69600955606474,4.744857741705659,-4.744857741705659,12.689226025797993,1.700773781401406,-1.700773781401406,18.732633521877393,1.5518135185708741,-1.5518135185708741,18.143529273636826
0.07,5.048041707266216,-5.048041707266216,13.900013678987346,4.817240818009705,-4.817240818009705,12.882800894774876,1.730744924888107,-1.730744924888107,19.062741178349707,1.5795811786230174,-1.5795811786230174,18.468183845199285
0.075,5.120976307805347,-5.120976307805347,14.100842436742287,4.888595922764356,-4.888595922764356,13.073626647961898,1.7603825176692511,-1.7603825176692511,19.38917504634028,1.6070635305474041,-1.6070635305474041,18.789502644579063
0.08,5.192626118744739,-5.192626118744739,14.298133467583186,4.958794518221467,-4.958794518221467,13.261359535424322,1.789633367353983,-1.789633367353983,19.711349255126652,1.6342113004749423,-1.6342113004749423,19.106909570411144
0.085,5.262862130998459,-5.262862130998459,14.491531539092572,5.027710376225183,-5.027710376225183,13.445661983795851,1.8184450325827468,-1.8184450325827468,20.028686205982474,1.66097585747842,-1.66097585747842,19.419836038493294
0.09,5.3315582820228595,-5.3315582820228595,14.680689532291892,5.095219927541971,-5.095219927541971,13.626203530495836,1.8467659678175803,-1.8467659678175803,20.340618166924287,1.6873093477553234,-1.6873093477553234,19.727722550627842
0.095,5.398591804183831,-5.398591804183831,14.865269400886678,5.161202603068987,-5.161202603068987,13.802661736226618,1.8745456654234571,-1.8745456654234571,20.646588837621408,1.7131648264692867,-1.7131648264692867,20.030020236088596
0.1,5.463843562866279,-5.463843562866279,15.044943102266455,5.225541165718803,-5.225541165718803,13.974723072536566,1.9017347945404948,-1.9017347945404948,20.94605487895984,1.7384963867861345,-1.7384963867861345,20.326192360287447
0.105,5.527198383135898,-5.527198383135898,15.219393496982866,5.288122031812672,-5.288122031812672,14.142083781325665,1.9282853362586239,-1.9282853362586239,21.238487401880793,1.7632592856507603,-1.7632592856507603,20.615715795335372
0.11,5.588545363805745,-5.588545363805745,15.388315213546345,5.3488355808534465,-5.3488355808534465,14.304450703274691,1.9541507146199804,-1.9541507146199804,21.52337341026502,1.787410065863128,-1.787410065863128,20.89808244733348
0.115,5.647778177806709,-5.647778177806709,15.551415475509945,5.4075764525922265,-5.4075764525922265,14.46154207229387,1.9792859229897486,-1.9792859229897486,21.800217192804354,1.8109066740254087,-1.8109066740254087,21.17280063539007
0.12,5.704795357811991,-5.704795357811991,15.708414887949411,5.464243830350183,-5.464243830350183,14.613088273213585,2.003647645353419,-2.003647645353419,22.068541658991933,1.8337085739476249,-1.8337085739476249,21.439396417539374
0.125,5.759500566120613,-5.759500566120613,15.85904818059974,5.518741709608124,-5.518741709608124,14.758832560076454,2.0271943721173415,-2.0271943721173415,22.32788961457065,1.8557768551161113,-1.8557768551161113,21.697414858935623
0.13,5.8118028478636425,-5.8118028478636425,16.003064905070122,5.570979150931415,-5.570979150931415,14.898531732537275,2.049886510009983,-2.049886510009983,22.577824972005725,1.8770743358475497,-1.8770743358475497,21.94642123791177
0.135,5.861616866659258,-5.861616866659258,16.14023008373093,5.620870516356377,-5.620870516356377,15.031956768033798,2.0716864857033728,-2.0716864857033728,22.817933891790233,1.8975656607712252,-1.8975656607712252,22.186002185724817
0.14,5.9088631219082375,-5.9088631219082375,16.270324808046787,5.668335688426148,-5.668335688426148,15.158893407556778,2.092558842797735,-2.092558842797735,23.047825850651613,1.917217392303394,-1.917217392303394,22.41576675605793
0.145,5.953468146990271,-5.953468146990271,16.393146784319168,5.713300271128977,-5.713300271128977,15.279142693021507,2.1124703318371756,-2.1124703318371756,23.26713463300089,1.9359980958001826,-1.9359980958001826,22.635347420613094
0.15,5.9953646876929305,-5.9953646876929305,16.508510824998737,5.75569577205964,-5.75569577205964,15.392521454424102,2.1313899930504396,-2.1313899930504396,23.47551924225452,1.953878418099155,-1.953878418099155,22.844400987405212
0.155,6.03449186027917,-6.03449186027917,16.61624928393143,5.795459765195068,-5.795459765195068,15.498862745154213,2.149289231538036,-2.149289231538036,23.672664728959134,1.9708311591844991,-1.9708311591844991,23.042609438658808
0.16,6.070795288675479,-6.070795288675479,16.716212434112318,5.832536033747936,-5.832536033747936,15.598016224029935,2.1661418846553873,-2.1661418846553873,23.858282932961867,1.9868313367366008,-1.9868313367366008,23.22968068551023
0.165,6.104227220341014,-6.104227220341014,16.808268786736544,5.866874692636532,-5.866874692636532,15.689848482820384,2.1819242813709367,-2.1819242813709367,24.032113137191416,2.001856243353496,-2.001856243353496,23.405349237030745
0.17,6.134746620457853,-6.134746620457853,16.892305350556516,5.8984322901857205,-5.8984322901857205,15.774243318225684,2.1966152934082843,-2.1966152934082843,24.19392263094688,2.0158854962591968,-2.0158854962591968,23.569376781407502
0.17500000000000002,6.16231924416368,-6.16231924416368,16.968227830777884,5.927171888751513,-5.927171888751513,15.851101947492184,2.2101963780122205,-2.2101963780122205,24.34350718093066,2.028901079342108,-2.028901079342108,23.721552677449267
0.18,6.186917686630376,-6.186917686630376,17.035960766953252,5.953063124040752,-5.953063124040752,15.920343167051735,2.2226516122099857,-2.2226516122099857,24.48069140860828,2.0408873773955185,-2.0408873773955185,23.8616943549202
0.185,6.208521410874806,-6.208521410874806,17.095447609560438,5.976082242977113,-5.976082242977113,15.981903453787162,2.233967718470931,-2.233967718470931,24.605329072828525,2.0518312024614196,-2.0518312024614196,23.989647622547096
0.19,6.227116753271369,-6.227116753271369,17.146650735181534,5.996212120044868,-5.996212120044868,16.035737008740583,2.2441340817000173,-2.2441340817000173,24.71730325699301,2.0617218122085,-2.0617218122085,24.105286882891686
0.195,6.242696906819079,-6.242696906819079,17.18955140042805,6.013442252122312,-6.013442252122312,16.08181574329637,2.2531427575330305,-2.2531427575330305,24.816526460421144,2.070550920305011,-2.070550920305011,24.20851525362832
0.2,6.255261882298943,-6.255261882298943,17.224149634985988,6.027768731897028,-6.027768731897028,16.120129208085316,2.260988471933919,-2.260988471933919,24.90294059391517,2.0783126987771787,-2.0783126987771787,24.299264595118107
0.20500000000000002,6.264818447539802,-6.264818447539802,17.25046407438154,6.039194200035049,-6.039194200035049,16.150684465070068,2.2676686121272014,-2.2676686121272014,24.976516879888024,2.0850037723737844,-2.0850037723737844,24.377495444520605
0.21,6.271380045092176,-6.271380045092176,17.268531733292267,6.047727776355113,-6.047727776355113,16.17350590348368,2.2731832089307025,-2.2731832089307025,25.037255657772864,2.090623204987431,-2.090623204987431,24.443196857033634
0.215,6.274966688689951,-6.274966688689951,17.278407720449618,6.053384970337277,-6.053384970337277,16.188635000501804,2.2775349105859615,-2.2775349105859615,25.085186095786405,2.095172478212618,-2.095172478212618,24.496386155198127
0.22,6.275604838958309,-6.275604838958309,17.280164896395025,6.056187571371845,-6.056187571371845,16.196130027734167,2.2807289482152995,-2.2807289482152995,25.120365810466726,2.098655462150063,-2.098655462150063,24.53710858754737
0.225,6.273327258903171,-6.273327258903171,17.27389347556349,6.056163519229691,-6.056163519229691,16.19606570482191,2.282773093065643,-2.282773093065643,25.142880395748943,2.1010783785955183,-2.1010783785955183,24.565436898217182
0.23,6.268172849792003,-6.268172849792003,17.259700574373866,6.053346755308092,-6.053346755308092,16.18853280162266,2.283677605729663,-2.283677605729663,25.152842863677524,2.102449756779639,-2.102449756779639,24.581470809464285
0.23500000000000001,6.260186468108064,-6.260186468108064,17.237709707204015,6.047777055277167,-6.047777055277167,16.173637690655035,2.283455177564481,-2.283455177564481,25.15039299918122,2.102780381853001,-2.102780381853001,24.58533641936222
0.24,6.249418724329621,-6.249418724329621,17.208060232320168,6.039499843820309,-6.039499843820309,16.15150185165691,2.282120864556984,-2.282120864556984,25.135696631653545,2.102083236337205,-2.102083236337205,24.577185517258034
0.245,6.235925764352128,-6.235925764352128,17.170906750012918,6.028565992227694,-6.028565992227694,16.122261330287486,2.2796920139125842,-2.2796920139125842,25.108944826387926,2.1003734347889096,-2.1003734347889096,24.557194819875672
0.25,6.2197690344346155,-6.2197690344346155,17.12641845536633,6.015031599664479,-6.015031599664479,16.08606615317038,2.276188183670959,-2.276188183670959,25.070352999210797,2.097668151948553,-2.097668151948553,24.525565131243575
0.255,6.20101503061119,-6.20101503061119,17.07477844825106,5.998957758994675,-5.998957758994675,16.043079701633797,2.2716310556777732,-2.2716310556777732,25.020159957936198,2.0939865446693746,-2.0939865446693746,24.482520429902575
0.26,6.179735033564621,-6.179735033564621,17.01618300328666,5.980410308097467,-5.980410308097467,15.993478046652996,2.2660443422655585,-2.2660443422655585,24.958626874531923,2.0893496679449948,-2.0893496679449948,24.428306887115227
0.265,6.156004830011004,-6.156004830011004,16.95084080266149,5.959459567664928,-5.959459567664928,15.937449247639785,2.2594536870196893,-2.2594536870196893,24.88603619213783,2.0837803853752237,-2.0837803853752237,24.363191820047856
0.27,6.1299044216923875,-6.1299044216923875,16.87897213483061,5.936180066518243,-5.936180066518243,15.875192617852623,2.2518865600266627,-2.2518865600266627,24.802690471311237,2.0773032744297923,-2.0773032744297923,24.287462584130864
0.275,6.101517723117873,-6.101517723117873,16.800808062232107,5.910650255523679,-5.910650255523679,15.806917959318927,2.243372148021584,-2.243372148021584,24.708911180091217,2.0699445268883414,-2.0699445268883414,24.20142540902069
0.28,6.070932249232763,-6.070932249232763,16.716589561269764,5.8829522112294494,-5.8829522112294494,15.732844770267803,2.2339412398698326,-2.2339412398698326,24.60503743267275,2.0617318448521127,-2.0617318448521127,24.105404182786874
0.28500000000000003,6.038238794229792,-6.038238794229792,16.62656663790514,5.853171330379944,-5.853171330379944,15.653201428166069,2.2236261078341903,-2.2236261078341903,24.491424681661123,2.0526943327383473,-2.0526943327383473,23.999739189129674
0.29,6.003531102746152,-6.003531102746152,16.530997422283516,5.821396016494803,-5.821396016494803,15.568224351533146,2.212460385093272,-2.212460385093272,24.368443369037543,2.0428623856823425,-2.0428623856823425,23.884785802596635
0.295,5.966905534714808,-5.966905534714808,16.430147245886683,5.787717359726442,-5.787717359726442,15.478157143780491,2.20047893998983,-2.20047893998983,24.236477541106954,2.032267574784362,-2.032267574784362,23.76091314690977
0.3,5.9284607251584385,-5.9284607251584385,16.324287704759993,5.752228811231124,-5.752228811231124,15.383249722378494,2.1877177474983203,-2.1877177474983203,24.095923432818307,2.0209425296491554,-2.0209425296491554,23.62850272163837
0.305,5.888297240229049,-5.888297240229049,16.2136957124017,5.7150258533052725,-5.7150258533052725,15.283757436698359,2.1742137584100276,-2.1742137584100276,23.94718802694559,2.0089208186745973,-2.0089208186745973,23.48794700255495
0.31,5.846517230806039,-5.846517230806039,16.09865254592942,5.676205666550404,-5.676205666550404,15.179940177907552,2.160004766741008,-2.160004766741008,23.79068759369465,1.9962368275529494,-1.9962368275529494,23.339648021093502
0.315,5.803224084969964,-5.803224084969964,15.979442889150706,5.635866795336824,-5.635866795336824,15.072061484315642,2.1451292758730602,-2.1451292758730602,23.626846216355396,1.9829256364534165,-1.9829256364534165,23.184015928389627
0.32,5.758522080668631,-5.758522080668631,15.856353876163295,5.594108812837997,-5.594108812837997,14.960387645571963,2.129626363940914,-2.129626363940914,23.45609430865163,1.969022896357974,-1.969022896357974,23.021467549420915
0.325,5.712516039886429,-5.712516039886429,15.729674139094529,5.551031986904307,-5.551031986904307,14.845186809108094,2.113535548979776,-2.113535548979776,23.278867129451484,1.9545647050239314,-1.9545647050239314,22.852424932783173
0.33,5.665310985616841,-5.665310985616841,15.599692863559476,5.506736948036777,-5.506736948036777,14.72672809219627,2.096896654346315,-2.096896654346315,23.09560330048951,1.939587483046305,-1.939587483046305,22.677313901633582
0.335,5.617011802922219,-5.617011802922219,15.46669885537353,5.461324360708284,-5.461324360708284,14.605280702960025,2.0797496749231112,-2.0797496749231112,22.90674333271803,1.9241278504908472,-1.9241278504908472,22.496562611305905
0.34,5.5677229053439,-5.5677229053439,15.330979621997411,5.414894599261791,-5.414894599261791,14.481113073625231,2.0621346446115307,-2.0621346446115307,22.712728166849406,1.9082225045645016,-1.9082225045645016,22.310600119055074
0.34500000000000003,5.517547907899909,-5.517547907899909,15.192820472121383,5.367547429592531,-5.367547429592531,14.354492009239207,2.044091505610982,-2.044091505610982,22.51399773357387,1.8919080987841654,-1.8919080987841654,22.11985497131972
0.35000000000000003,5.466589307876799,-5.466589307876799,15.05250363671099,5.319381697793544,-5.319381697793544,14.225681855011988,2.0256599799735113,-2.0256599799735113,22.31098953883834,1.8752211240969363,-1.8752211240969363,21.92475381380113
0.355,5.414948174586911,-5.414948174586911,14.910307414739483,5.270495026912096,-5.270495026912096,14.094943685348655,2.0068794439118722,-2.0068794439118722,22.10413727945249,1.858197792395578,-1.858197792395578,21.725720029546647
0.36,5.362723849222353,-5.362723849222353,14.76650534672203,5.220983522927979,-5.220983522927979,13.962534517543801,1.98778880532643,-1.98778880532643,21.89386949414772,1.8408739228617457,-1.8408739228617457,21.52317241009478
0.365,5.310013655892839,-5.310013655892839,14.621365419045185,5.170941491024064,-5.170941491024064,13.828706553000718,1.968426385001767,-1.968426385001767,21.680608255054768,1.823284831556651,-1.823284831556651,21.317523864588775
0.37,5.2569126248860485,-5.2569126248860485,14.475149301951644,5.120461163174483,-5.120461163174483,13.693706448717412,1.9488298019075472,-1.9488298019075472,21.464767904386523,1.8054652246643568,-1.8054652246643568,21.109180171596083
0.375,5.203513229136708,-5.203513229136708,14.328111623895797,5.069632438027143,-5.069632438027143,13.557774621651525,1.9290358630202655,-1.9290358630202655,21.246753840914568,1.7874490957768279,-1.7874490957768279,20.898538778183344
0.38,5.1499051348344,-5.1499051348344,14.18049928483094,5.018542634004553,-5.018542634004553,13.42114458843512,1.9090804580629004,-1.9090804580629004,21.02696136061248,1.7692696275923023,-1.7692696275923023,20.685987650591127
0.385,5.09617496704029,-5.09617496704029,14.0325508108242,4.967276256490933,-4.967276256490933,13.28404234276055,1.8889984595384244,-1.8889984595384244,20.805774555606632,1.7509590983795542,-1.7509590983795542,20.471904180630617
0.39,5.042406091119861,-5.042406091119861,13.884495752221586,4.915914779914066,-4.915914779914066,13.146685772599541,1.8688236284105622,-1.8688236284105622,20.583565275326805,1.7325487935402513,-1.7325487935402513,20.25665415168636
0.395,4.988678410732538,-4.988678410732538,13.73655412740318,4.864536445467848,-4.864536445467848,13.009284119250342,1.848588525761291,-1.848588525761291,20.360692153485736,1.7140689225799999,-1.7140689225799999,20.040590767956378
0.4,4.935068183050148,-4.935068183050148,13.588935913978709,4.813216075156134,-4.813216075156134,12.872037480033107,1.828324430729431,-1.828324430729431,20.137499704239755,1.6955485417758431,-1.6955485417758431,19.824053750294244
0.405,4.88164785180457,-4.88164785180457,13.441840589076632,4.762024902770553,-4.762024902770553,12.73513635627197,1.8080612650083343,-1.8080612650083343,19.914317490592502,1.6770154828040627,-1.6770154828040627,19.607368501737955
0.41000000000000003,4.828485898691281,-4.828485898691281,13.295456720176986,4.711030422344737,-4.711030422344737,12.59876124801452,1.7878275241533585,-1.7878275241533585,19.691459367802896,1.658496287567231,-1.658496287567231,19.390845345519363
0.41500000000000004,4.775646713579664,-4.775646713579664,13.149961607729553,4.660296254555145,-4.660296254555145,12.463082296746009,1.7676502159214529,-1.7676502159214529,19.46922280424604,1.6400161494336445,-1.6400161494336445,19.174778838045984
0.42,4.723190483903729,-4.723190483903729,13.00552098058615,4.609882031464748,-4.609882031464748,12.328258977158121,1.7475548058360815,-1.7475548058360815,19.247888281855342,1.6215988610756416,-1.6215988610756416,18.959447159035886
0.425,4.671173103528097,-4.671173103528097,12.862288745058931,4.559843299930352,-4.559843299930352,12.194439838830084,1.7275651701408443,-1.7275651701408443,19.027718777945086,1.6032667690660345,-1.6032667690660345,18.74511158066715
0.43,4.619646101304472,-4.619646101304472,12.72040678819739,4.510231443917881,-4.510231443917881,12.061762298475568,1.707703556274716,-1.707703556274716,18.808959329877485,1.585040735363976,-1.585040735363976,18.532016017277464
0.435,4.568656589453344,-4.568656589453344,12.580004835655007,4.461093625892488,-4.461093625892488,11.93035248320161,1.6879905509708948,-1.6879905509708948,18.59183668369756,1.5669401057932273,-1.5669401057932273,18.320386656817597
0.44,4.518247231824891,-4.518247231824891,12.441200364294188,4.412472747372554,-4.412472747372554,11.800325125017732,1.6684450560500044,-1.6684450560500044,18.376559027515054,1.5489826855870945,-1.5489826855870945,18.110431674927103
0.445,4.4684562320121834,-4.4684562320121834,12.304098569455432,4.364407428658454,-4.364407428658454,11.671783506624347,1.6490842719468832,-1.6490842719468832,18.163315810065452,1.5311847220453314,-1.5311847220453314,17.902341032161928
0.45,4.419317341209149,-4.419317341209149,12.168792386594605,4.3169320076690445,-4.3169320076690445,11.544819458301166,1.62992368897862,-1.62992368897862,17.952277644534554,1.5135608943192136,-1.5135608943192136,17.696286354563277
0.455,4.370859885625753,-4.370859885625753,12.03536256677188,4.270076557741144,-4.270076557741144,11.419513405508559,1.610977086329911,-1.610977086329911,17.743596297382997,1.4961243103119135,-1.4961243103119135,17.492420897417354
0.46,4.323108813193676,-4.323108813193676,11.903877805257968,4.223866924170531,-4.223866924170531,11.295934466609532,1.5922565387004286,-1.5922565387004286,17.537404761561586,1.4788865106522828,-1.4788865106522828,17.29087959171612
0.465,4.276084759217877,-4.276084759217877,11.774394922308685,4.17832477919697,-4.17832477919697,11.17414059991682,1.573772430527723,-1.573772430527723,17.333817413164947,1.4618574796713928,-1.4618574796713928,17.09177917249308
0.47000000000000003,4.229804130552953,-4.229804130552953,11.646959094948425,4.133467695061414,-4.133467695061414,11.054178799070566,1.5555334776684808,-1.5555334776684808,17.132930250232874,1.445045663282734,-1.445045663282734,16.89521838787538
0.47500000000000003,4.18427920780868,-4.18427920780868,11.521604138397771,4.089309234690514,-4.089309234690514,10.936085335556912,1.5375467563907135,-1.5375467563907135,16.934821212075587,1.4284579936389712,-1.4284579936389712,16.701278287366275
0.48,4.139518265016585,-4.139518265016585,11.398352835580896,4.045859059492621,-4.045859059492621,10.819886046988064,1.5198177394999126,-1.5198177394999126,16.73955057717381,1.4120999204107256,-1.4120999204107256,16.51002258755107
0.485,4.0955257061193855,-4.0955257061193855,11.277217312955452,4.003123053680653,-4.003123053680653,10.705596669580316,1.5023503393933804,-1.5023503393933804,16.54716143738706,1.3959754485060645,-1.3959754485060645,16.321498113106756
0.49,4.052302217577677,-4.052302217577677,11.15819946072208,3.9611034644708663,-3.9611034644708663,10.593223213089184,1.4851469578090162,-1.4851469578090162,16.357680245895875,1.3800871820233949,-1.3800871820233949,16.135735310691466
0.495,4.00984493632386,-4.00984493632386,11.041291395293227,3.9197990574429364,-3.9197990574429364,10.482762376290617,1.4682085420078868,-1.4682085420078868,16.171117436006906,1.3644363742053205,-1.3644363742053205,15.952748832996125
0.5,3.9681476322320504,-3.9681476322320504,10.926475961732372,3.8792052862861603,-3.8792052862861603,10.374202000935153,1.451534647104059,-1.451534647104059,15.98746810766511,1.349022983136875,-1.349022983136875,15.772538189958361
0.505,3.9272009042149048,-3.9272009042149048,10.813727273715621,3.8393144760991507,-3.8393144760991507,10.267521561948334,1.4351235042305,-1.4351235042305,15.806712778245439,1.3338457329084743,-1.3338457329084743,15.595088463868917
0.51,3.8869923890042215,-3.8869923890042215,10.703011288418633,3.80011601935642,-3.80011601935642,10.162692691506335,1.4189720942064925,-1.4189720942064925,15.628818193939226,1.3189021799419989,-1.3189021799419989,15.420371084844481
0.515,3.847506981621907,-3.847506981621907,10.594286413593503,3.761596583604991,-3.761596583604991,10.05967973448133,1.4030762263500185,-1.4030762263500185,15.453738197808194,1.3041887841577704,-1.3041887841577704,15.2483446628994
0.52,3.808727066501791,-3.808727066501791,10.48750414397325,3.7237403299076512,-3.7237403299076512,9.95844033262672,1.3874306220580532,-1.3874306220580532,15.281414650353105,1.289700984640836,-1.289700984640836,15.078955872622487
0.525,3.770632758180913,-3.770632758180913,10.382609724026288,3.686529141007152,-3.686529141007152,9.8589260347592,1.3720290027587618,-1.3720290027587618,15.111778398235336,1.2754332794470564,-1.2754332794470564,14.912140386255697
0.53,3.733202150441425,-3.733202150441425,10.279542833980038,3.649942858147366,-3.649942858147366,9.761082930092227,1.3568641818222438,-1.3568641818222438,14.944750286598635,1.2613793091730467,-1.2613793091730467,14.747823850779099
0.535,3.696411572751475,-3.696411572751475,10.178238295942634,3.613959525453663,-3.613959525453663,9.664852301785183,1.341928160000851,-1.341928160000851,14.780242210266243,1.2475319438991106,-1.2475319438991106,14.585922904432286
0.54,3.660235852825231,-3.660235852825231,10.078626796873953,3.5785556407453605,-3.5785556407453605,9.570171297693909,1.3272122239562159,-1.3272122239562159,14.618158198935594,1.2338833731010077,-1.2338833731010077,14.426346227946865
0.545,3.6246485840989298,-3.6246485840989298,9.98063562509315,3.5437064116284134,-3.5437064116284134,9.476973615242255,1.312707047418077,-1.312707047418077,14.458395531360136,1.2204251981147585,-1.2204251981147585,14.268995625628609
0.55,3.589622396901413,-3.589622396901413,9.88418941695912,3.5093860156964523,-3.5093860156964523,9.385190197280606,1.2984027945097698,-1.2984027945097698,14.300845873395172,1.207148526728729,-1.207148526728729,14.113767131311377
0.555,3.5551292320842105,-3.5551292320842105,9.78921091032346,3.4755678636530702,-3.4755678636530702,9.294749935756766,1.2842892247669686,-1.2842892247669686,14.14539643469351,1.1940440694690506,-1.1940440694690506,13.960552134109227
0.56,3.5211406158678136,-3.5211406158678136,9.695621701332232,3.4422248641578057,-3.4422248641578057,9.205580379996515,1.2703557993698749,-1.2703557993698749,13.991931138766201,1.1811022371379893,-1.1811022371379893,13.809238518817773
0.5650000000000001,3.487627934657519,-3.487627934657519,9.603343001143976,3.409329689192816,-3.409329689192816,9.117608446376673,1.2565917881046595,-1.2565917881046595,13.840331801075436,1.168313239160245,-1.168313239160245,13.65971181576174
0.5700000000000001,3.454562708583931,-3.454562708583931,9.512296389135974,3.3768550387465606,-3.3768550387465606,9.030761126171624,1.2429863765675095,-1.2429863765675095,13.690479309799525,1.1556671822893472,-1.1556671822893472,13.511856354852677
0.5750000000000001,3.4219168625300926,-3.4219168625300926,9.422404559189859,3.3447739036151605,-3.3447739036151605,8.94496618836593,1.2295287731241906,-1.2295287731241906,13.54225480390508,1.1431541692253175,-1.1431541692253175,13.36555641860924
0.58,3.38966299341907,-3.38966299341907,9.3335920556802,3.3130598251312295,-3.3130598251312295,8.860152874250039,1.2162083151395766,-1.2162083151395766,13.39554084317849,1.1307643966956074,-1.1307643966956074,13.220697388902165
0.585,3.357774632552695,-3.357774632552695,9.245785995836226,3.281687150644028,-3.281687150644028,8.776252580653718,1.203014573995085,-1.203014573995085,13.250222564907158,1.1184882525539863,-1.1184882525539863,13.077166882217309
0.59,3.3262265018139643,-3.3262265018139643,9.158916775206842,3.2506312835936044,-3.2506312835936044,8.693199528722113,1.1899374584174693,-1.1899374584174693,13.106188821961721,1.1063164114565283,-1.1063164114565283,12.934855868282359
0.595,3.294994762572234,-3.294994762572234,9.072918753032473,3.2198689270451033,-3.2198689270451033,8.610931415202275,1.1769673156498077,-1.1769673156498077,12.963333297111829,1.0942399286801308,-1.0942399286801308,12.793659766976367
0.6,3.2640572561616983,-3.2640572561616983,8.987730914413547,3.1893783195775804,-3.1893783195775804,8.529390043283252,1.1640950300048785,-1.1640950300048785,12.821555588511044,1.082250331657027,-1.082250331657027,12.653479518535095
0.605,3.2333937348396344,-3.2333937348396344,8.903297506264582,3.1591394624543345,-3.1591394624543345,8.448521930120233,1.1513121183523094,-1.1513121183523094,12.680762261409773,1.070339708808567,-1.070339708808567,12.514222622179856
0.61,3.2029860821712743,-3.2029860821712743,8.81956864415401,3.1291343370387685,-3.1291343370387685,8.368278888272224,1.138610822103928,-1.138610822103928,12.54086786129874,1.058500795272998,-1.058500795272998,12.375804138431581
0.615,3.172818521832941,-3.172818521832941,8.736500887253168,3.099347111461075,-3.099347111461075,8.288618578393068,1.125984195276547,-1.125984195276547,12.401795883848607,1.0467270551351313,-1.0467270551351313,12.238147650525546
0.62,3.1428778138738753,-3.1428778138738753,8.654057778752197,3.0697643355863486,-3.0697643355863486,8.209505030636842,1.1134261882279552,-1.1134261882279552,12.263479697193503,1.0350127597805217,-1.0350127597805217,12.10118618051456
0.625,3.1131534375299585,-3.1131534375299585,8.572210349246,3.040375123383927,-3.040375123383927,8.130909132370226,1.1009317266800596,-1.1009317266800596,12.12586341230636,1.0233530620130509,-1.0233530620130509,11.964863055838672
0.63,3.0836377597390103,-3.0836377597390103,8.490937580748819,3.0111713218506337,-3.0111713218506337,8.05280907992581,1.0884967856628847,-1.0884967856628847,11.988902697431651,1.0117440655925822,-1.0117440655925822,11.829132722347124
0.635,3.054326188567263,-3.054326188567263,8.410226829161042,2.9821476656969685,-2.9821476656969685,7.975190792281109,1.0761184580344008,-1.0761184580344008,11.852565532775307,1.0001828898685028,-1.0001828898685028,11.693961499982294
0.64,3.025217310819846,-3.025217310819846,8.330074203185971,2.9533019170648447,-2.9533019170648447,7.898048284707258,1.0637950172538142,-1.0637950172538142,11.716832901901217,0.988667729205463,-0.988667729205463,11.559328277574936
0.645,2.99631301317425,-2.99631301317425,8.250484897876351,2.9246349896081134,-2.9246349896081134,7.821384000598952,1.0515259741099559,-1.0515259741099559,11.581699416548084,0.977197906919361,-0.977197906919361,11.425225143454186
0.65,2.9676185862446895,-2.9676185862446895,8.171473481180351,2.8961510563324344,-2.8961510563324344,7.7452090998718095,1.0393121271316332,-1.0393121271316332,11.447173871858253,0.9657739234645187,-0.9657739234645187,11.291657948843485
0.655,2.9391428110566227,-2.9391428110566227,8.093064132053113,2.867857640658928,-2.867857640658928,7.669543702494918,1.0271556064331462,-1.0271556064331462,11.313279729300248,0.954397498636951,-0.954397498636951,11.15864680129375
0.66,2.910898027484187,-2.910898027484187,8.015290828902353,2.8397656902460886,-2.8397656902460886,7.594417085913599,1.0150599107755571,-1.0150599107755571,11.180055524868381,0.9430716075835784,-0.9430716075835784,11.026226485696725
0.665,2.8829001842787543,-2.8829001842787543,7.938197487344284,2.811889633176474,-2.811889633176474,7.519867835310095,1.0030299376525762,-1.0030299376525762,11.047555200454191,0.9318005104330339,-0.9318005104330339,10.894446810723123
0.67,2.8551688703936926,-2.8551688703936926,7.861838046457771,2.7842474161883213,-2.7842474161883213,7.445943945846819,0.9910720062390038,-0.9910720062390038,10.915848356604785,0.9205897753902936,-0.9205897753902936,10.763372878840983
0.675,2.827727327388714,-2.827727327388714,7.786276502940276,2.7568605247073132,-2.7568605247073132,7.372702876237515,0.9791938730694517,-0.9791938730694517,10.785020425211151,0.9094462951646062,-0.9094462951646062,10.633085278388094
0.68,2.800602442776297,-2.800602442776297,7.711586892786929,2.729753984509733,-2.729753984509733,7.30021155319506,0.967404740345373,-0.967404740345373,10.655172761003294,0.8983782966279868,-0.8983782966279868,10.503680196497417
0.685,2.7738247242525067,-2.7738247242525067,7.637853220333908,2.702956344925163,-2.702956344925163,7.228546326510257,0.9557152567992134,-0.9557152567992134,10.52642265106816,0.8873953436297836,-0.8873953436297836,10.375269452004488
0.6900000000000001,2.747428254834589,-2.747428254834589,7.565169334727756,2.676499643564086,-2.676499643564086,7.157792874722457,0.944137511075576,-0.944137511075576,10.39890324194858,0.8765083329213808,-0.8765083329213808,10.24798044779977
0.6950000000000001,2.72145062900789,-2.72145062900789,7.493638754103,2.6504193526332407,-2.6504193526332407,7.088046061550118,0.9326850176205825,-0.9326850176205825,10.272763384226103,0.8657294831739083,-0.8657294831739083,10.121956042425662
0.7000000000000001,2.6959328700643317,-2.6959328700643317,7.423374437969874,2.624754306978787,-2.624754306978787,7.019409743455845,0.9213726951019636,-0.9213726951019636,10.148167394835932,0.8550723171006853,-0.8550723171006853,9.997354341055253
0.705,2.670919328893843,-2.670919328893843,7.354498508531882,2.599546614074122,-2.599546614074122,6.951996528925789,0.9102168374136987,-0.9102168374136987,10.025294737706723,0.8445516367250141,-0.8445516367250141,9.874348406327762
0.71,2.646457564568274,-2.646457564568274,7.287141921868158,2.5748415462451586,-2.5748415462451586,6.885927490246519,0.899235077350156,-0.899235077350156,9.90433962366091,0.8341834918626682,-0.8341834918626682,9.753125889851347
0.715,2.622598207134189,-2.622598207134189,7.221444090127136,2.5506874155007773,-2.5506874155007773,6.821331828762692,0.888446343065473,-0.888446343065473,9.78551053085037,0.8239851419169125,-0.8239851419169125,9.633888585517244
0.72,2.5993948031061915,-2.5993948031061915,7.1575524560853685,2.5271354314096235,-2.5271354314096235,6.758346494795394,0.8778708074643167,-0.8778708074643167,9.66902964733699,0.81397501111203,-0.81397501111203,9.51685190609807
0.725,2.576903644225868,-2.576903644225868,7.095622021627433,2.504239542536262,-2.504239542536262,6.697115763593072,0.8675298306999707,-0.8675298306999707,9.555132237756084,0.8041726373189828,-0.8041726373189828,9.402244284926507
0.73,2.55518358012257,-2.55518358012257,7.03581483189884,2.4820562620194737,-2.4820562620194737,6.637790768873627,0.8574458959848662,-0.8574458959848662,9.444065936321838,0.7945986146539133,-0.7945986146539133,9.290306504767122
0.735,2.534295815581037,-2.534295815581037,6.9782994170731545,2.4606444779431085,-2.4606444779431085,6.58052899569707,0.8476425389470376,-0.8476425389470376,9.336089968746395,0.7852745300565813,-0.7852745300565813,9.181290956302666
0.74,2.5143036931868132,-2.5143036931868132,6.9232501938562185,2.4400652492148738,-2.4400652492148738,6.525493734581888,0.8381442707934487,-0.8381442707934487,9.231474305946671,0.776222894081405,-0.776222894081405,9.075460828955173
0.745,2.4952724621833773,-2.4952724621833773,6.870846829023683,2.4203815877307524,-2.4203815877307524,6.472853498944913,0.828976495567595,-0.828976495567595,9.130498752704455,0.7674670661584768,-0.7674670661584768,8.973089237050964
0.75,2.477269034434616,-2.477269034434616,6.821273567452522,2.4016582276618896,-2.4016582276618896,6.42278140810267,0.820165421814115,-0.820165421814115,9.033451974724276,0.7590311746055901,-0.7590311746055901,8.874458284615402
0.755,2.460361728442439,-2.460361728442439,6.774718527261826,2.3839613827567487,-2.3839613827567487,6.375454538221826,0.811737968987268,-0.811737968987268,8.940630467799261,0.7509400316949175,-0.7509400316949175,8.779858072347523
0.76,2.4446200024218143,-2.4446200024218143,6.731372964822713,2.367358492603749,-2.367358492603749,6.33105324374652,0.803721668962928,-0.803721668962928,8.852337473046223,0.7432190440993792,-0.7432190440993792,8.689585650574806
0.765,2.430114177483977,-2.430114177483977,6.691430512530628,2.3519179588482793,-2.3519179588482793,6.289760451960587,0.7961445630351276,-0.7961445630351276,8.768881842406753,0.7358941190638651,-0.7358941190638651,8.603943922223683
0.77,2.4169151520229546,-2.4169151520229546,6.655086392355585,2.337708872402786,-2.337708872402786,6.251760933462452,0.7890350947980901,-0.7890350947980901,8.690576858830328,0.7289915666652589,-0.7289915666652589,8.52324050006104
0.775,2.40509410844057,-2.40509410844057,6.6225366082960475,2.324800732729317,-2.324800732729317,6.217240551439294,0.7824219993329838,-0.7824219993329838,8.617739015756953,0.7225379985425522,-0.7225379985425522,8.447786522664597
0.78,2.3947222133806463,-2.3947222133806463,6.593977120960109,2.3132631603103198,-2.3132631603103198,6.186385492724501,0.7763341891353122,-0.7763341891353122,8.550686760700573,0.7165602234941832,-0.7165602234941832,8.377895433765474
0.785,2.38587031267403,-2.38587031267403,6.569603007582659,2.303165603455522,-2.303165603455522,6.1593814837080325,0.7708006372337921,-0.7708006372337921,8.489739207899019,0.7110851403540199,-0.7110851403540199,8.313881729773108
0.79,2.3786086222222496,-2.3786086222222496,6.549607610859405,2.2945770406201778,-2.2945770406201778,6.1364129942427885,0.7658502579647336,-0.7658502579647336,8.435214825141212,0.706139628570059,-0.706139628570059,8.256059680440758
0.795,2.373006416068849,-2.373006416068849,6.534181680037025,2.287565679432786,-2.287565679432786,6.117662432751067,0.7615117858772704,-0.7615117858772704,8.387430100007235,0.7017504369208987,-0.7017504369208987,8.204742027758185
0.8,2.3691317129238265,-2.3691317129238265,6.5235125077438765,2.282198653648454,-2.282198653648454,6.103309335783572,0.7578136532542387,-0.7578136532542387,8.346698190860874,0.6979440708143031,-0.6979440708143031,8.160238668266384
0.805,2.36705096241786,-2.36705096241786,6.517783066076652,2.2785417192573036,-2.2785417192573036,6.093529555318722,0.7547838667410297,-0.7547838667410297,8.31332756801725,0.6947466786196856,-0.6947466786196856,8.122855324077088
0.81,2.3668287323692585,-2.3668287323692585,6.517171145475641,2.276658950985685,-2.276658950985685,6.088494447112469,0.7524498835803233,-0.7524498835803233,8.287620650569522,0.692183937492046,-0.692183937492046,8.092892207946417
0.8150000000000001,2.3685273983476636,-2.3685273983476636,6.5218484999241735,2.2766124404313692,-2.2766124404313692,6.0883700634178615,0.7508384879542079,-0.7508384879542079,8.269872444398386,0.6902809391487982,-0.6902809391487982,8.070642687797761
0.8200000000000001,2.3722068368145535,-2.3722068368145535,6.531980001996976,2.278461997072405,-2.278461997072405,6.093316353389704,0.749975667936803,-0.749975667936803,8.260369186905749,0.6890620760629949,-0.6890620760629949,8.056391956113071
0.8250000000000001,2.3779241231114634,-2.3779241231114634,6.547722811256921,2.282264853382845,-2.282264853382845,6.1034863744722445,0.7498864935601155,-0.7498864935601155,8.259387004009763,0.6885509285366802,-0.6885509285366802,8.050415709614473
0.8300000000000001,2.385733235552682,-2.385733235552682,6.569225559460732,2.288075375277195,-2.288075375277195,6.119025518037538,0.7505949964934588,-0.7505949964934588,8.267190584911958,0.6887701531164788,-0.6887701531164788,8.05297884463906
0.835,2.3956847668599597,-2.3956847668599597,6.596627555981269,2.2959447790891723,-2.2959447790891723,6.140070752498573,0.7521240518323905,-0.7521240518323905,8.284031880098949,0.6897413728100805,-0.6897413728100805,8.06433417356945
0.84,2.4078256441526085,-2.4078256441526085,6.630058016787449,2.305920856269301,-2.305920856269301,6.166749887064989,0.7544952624867527,-0.7544952624867527,8.310148827971192,0.6914850695569803,-0.6914850695569803,8.084721167620678
0.845,2.4221988586773597,-2.4221988586773597,6.669635320243061,2.3180477069600465,-2.3180477069600465,6.1991808592400695,0.757728846649087,-0.757728846649087,8.34576411539951,0.6940204793997506,-0.6940204793997506,8.114364731201265
0.85,2.438843206428557,-2.438843206428557,6.715466292892603,2.332365483576741,-2.332365483576741,6.237471049076364,0.7618435288144496,-0.7618435288144496,8.3910839773974,0.6973654907932356,-0.6973654907932356,8.153474012962281
0.855,2.457793040770889,-2.457793040770889,6.767645528296663,2.348910145487566,-2.348910145487566,6.281716623113616,0.7668564348105287,-0.7668564348105287,8.446297040963557,0.701536546478428,-0.701536546478428,8.202241258524076
0.86,2.4790780381339608,-2.4790780381339608,6.82625474186121,2.367713225846474,-2.367713225846474,6.332001910817449,0.7727829912829953,-0.7727829912829953,8.511573217995139,0.706548549335462,-0.706548549335462,8.260840709726107
0.865,2.502722977800844,-2.502722977800844,6.891362164475296,2.388801611589303,-2.388801611589303,6.388398816220514,0.7796368300652718,-0.7796368300652718,8.587062651998892,0.7124147726161424,-0.7124147726161424,8.329427555081557
0.87,2.5287475367614163,-2.5287475367614163,6.96302197763034,2.412197337555653,-2.412197337555653,6.45096626734033,0.7874296978444124,-0.7874296978444124,8.672894723134656,0.7191467749408301,-0.7191467749408301,8.408136935935932
0.875,2.5571661005460538,-2.5571661005460538,7.041273792542059,2.4379173956474736,-2.4379173956474736,6.519749705809961,0.7961713715156671,-0.7961713715156671,8.769177115915033,0.7267543204273439,-0.7267543204273439,8.497083012628318
0.88,2.587987590896281,-2.587987590896281,7.126142175633716,2.465973559880065,-2.465973559880065,6.59478061900996,0.8058695795975657,-0.8058695795975657,8.875994953656758,0.7352453043008994,-0.7352453043008994,8.596358094735933
0.885,2.6212153110665213,-2.6212153110665213,7.217636222567419,2.4963722281223895,-2.4963722281223895,6.6760761168327125,0.8165299300571354,-0.8165299300571354,8.993410003534438,0.7446256843140512,-0.7446256843140512,8.706031839248222
0.89,2.656846809485389,-2.656846809485389,7.315749182829251,2.5291142812616085,-2.5291142812616085,6.763638555044587,0.8281558448712226,-0.8281558448712226,9.121459955826984,0.7548994182842256,-0.7548994182842256,8.826150520266726
0.895,2.6948737624362744,-2.6948737624362744,7.420458136684896,2.5641949604617285,-2.5641949604617285,6.857455207037364,0.8407485016249104,-0.8407485016249104,9.260157780671893,0.7660684080337898,-0.7660684080337898,8.95673637356229
0.9,2.735281876345566,-2.735281876345566,7.531723726125798,2.601603763118461,-2.601603763118461,6.957497985579153,0.85430678242183,-0.85430678242183,9.409491165354085,0.7781324499938165,-0.7781324499938165,9.097787019043007
0.905,2.778050810192971,-2.778050810192971,7.649489941222421,2.6413243580421186,-2.6413243580421186,7.063723215987067,0.868827230353817,-0.868827230353817,9.569422034854725,0.7910891927078207,-0.7910891927078207,9.249274963895436
0.91,2.8231541184823863,-2.8231541184823863,7.773683963091938,2.6833345203279078,-2.6833345203279078,7.176071461950118,0.8843040137490307,-0.8843040137490307,9.739886158073466,0.8049341014459229,-0.8049341014459229,9.411147188859633
0.915,2.8705592151338997,-2.8705592151338997,7.904216064473208,2.727606086298518,-2.727606086298518,7.29446740503168,0.9007288983883676,-0.9007288983883676,9.920792841814961,0.8196604301131591,-0.8196604301131591,9.5833248197861
0.92,2.92022735857806,-2.92022735857806,8.040979568683163,2.77410492882788,-2.77410492882788,7.4188197786775465,0.9180912278499644,-0.9180912278499644,10.112024714299611,0.835259200608202,-0.835259200608202,9.765702886301588
0.925,2.9721136582528427,-2.9721136582528427,8.183850867506504,2.822790953277491,-2.822790953277491,7.549021357348389,0.936377912110817,-0.936377912110817,10.31343759961971,0.8517191897605848,-0.8517191897605848,9.958150169081437
0.93,3.026167102622188,-3.026167102622188,8.33268949834602,2.8736181141983037,-2.8736181141983037,7.68494900118581,0.9555734245032589,-0.9555734245032589,10.524860484217555,0.8690269239458523,-0.8690269239458523,10.16050913689087
0.935,3.082330608752677,-3.082330608752677,8.487338280734244,2.926534452871904,-2.926534452871904,7.826463756409139,0.9756598070922947,-0.9756598070922947,10.746095576112367,0.8871666814489033,-0.8871666814489033,10.372595974216773
0.9400000000000001,3.1405410934024838,-3.1405410934024838,8.64762351208012,2.9814821556851605,-2.9814821556851605,7.973411011427399,0.9966166845077362,-0.9966166845077362,10.976918457249974,0.9061205026163585,-0.9061205026163585,10.594200699967391
0.9450000000000001,3.2007295654941803,-3.2007295654941803,8.813355222297112,3.0383976332526594,-3.0383976332526594,8.125620708437326,1.0184212862328375,-1.0184212862328375,11.217078328993914,0.9258682078090829,-0.9258682078090829,10.825087377370041
0.9500000000000001,3.262821239760908,-3.262821239760908,8.984327486733125,3.0972116201218087,-3.0972116201218087,8.282907610065841,1.041048477318831,-1.041048477318831,11.466298350420956,0.946387423136256,-0.946387423136256,11.064994414849313
0.9550000000000001,3.3267356712739375,-3.3267356712739375,9.160318796598299,3.1578492948163546,-3.1578492948163546,8.445071620403757,1.0644707974625227,-1.0644707974625227,11.724276068728873,0.967653613922622,-0.967653613922622,11.313634957320238
0.96,3.3923869104792055,-3.3923869104792055,9.341092485865198,3.2202304198958647,-3.2202304198958647,8.611898159568435,1.0886585083520466,-1.0886585083520466,11.990683940711252,0.9896401258309516,-0.9896401258309516,11.570697366984847
0.965,3.459683678291315,-3.459683678291315,9.526397213398154,3.2842695016316434,-3.2842695016316434,8.783158590726849,1.1135796491541756,-1.1135796491541756,12.265169943904883,1.0123182335324092,-1.0123182335324092,11.83584579237749
0.97,3.5285295607158793,-3.5285295607158793,9.715967498854777,3.349875968823785,-3.349875968823785,8.95861069830804,1.1392000999852363,-1.1392000999852363,12.547358275670016,1.0356571967885069,-1.0356571967885069,12.108720824065134
0.975,3.5988232223956147,-3.5988232223956147,9.909524310694902,3.4169543702102017,-3.4169543702102017,9.137999215936276,1.1654836531770068,-1.1654836531770068,12.836850138126003,1.0596243237798615,-1.0596243237798615,12.38894023507599
0.98,3.6704586384021747,-3.6704586384021747,10.106775704429994,3.48540458984648,-3.48540458984648,9.321056402423814,1.1923920921188924,-1.1923920921188924,13.133224606533446,1.0841850414890555,-1.0841850414890555,12.676099803803474
0.985,3.7433253435248446,-3.7433253435248446,10.30741750905097,3.555122079765738,-3.555122079765738,9.507502663975744,1.2198852774284348,-1.2198852774284348,13.436039578391934,1.1093029729176869,-1.1093029729176869,12.969774216814306
0.99,3.8173086982392226,-3.8173086982392226,10.511134059385128,3.625998109160619,-3.625998109160619,9.697047220580185,1.247921240173885,-1.247921240173885,13.744832800210524,1.1349400208913287,-1.1349400208913287,13.26951804868128
0.995,3.892290170473966,-3.892290170473966,10.717598971953764,3.697920029265285,-3.697920029265285,9.889388814385152,1.2764562818452674,-1.2764562818452674,14.059122968607321,1.1610564581806266,-1.1610564581806266,13.574866815663189
1.0,3.96814763223205,-3.96814763223205,10.92647596173237,3.770771553054138,-3.770771553054138,10.084216457699963,1.3054450807442004,-1.3054450807442004,14.378410902106427,1.1876110236423152,-1.1876110236423152,13.88533809976861
